date,station_id,precip_in
2025-08-01,KOJC,0.0
2025-08-01,KOJC,0.0
2025-08-02,KOJC,0.0
2025-08-03,KOJC,0.001
2025-08-04,KOJC,0.0
2025-08-05,KOJC,0.0
2025-08-06,KOJC,0.01
2025-08-07,KOJC,0.0
2025-08-08,KOJC,0.0
2025-08-09,KOJC,0.0
2025-08-10,KOJC,0.2
2025-08-11,KOJC,1.16
2025-08-12,KOJC,0.0
2025-08-13,KOJC,0.0
2025-08-14,KOJC,0.0
2025-08-15,KOJC,0.0
2025-08-16,KOJC,0.0
2025-08-17,KOJC,0.0
2025-08-18,KOJC,0.0
2025-08-19,KOJC,0.001
2025-08-20,KOJC,0.0
2025-08-21,KOJC,0.0
2025-08-22,KOJC,0.0
2025-08-23,KOJC,0.0
2025-08-24,KOJC,0.0
2025-08-25,KOJC,0.0
2025-08-26,KOJC,0.0
2025-08-27,KOJC,0.0
2025-08-28,KOJC,0.0
2025-08-29,KOJC,0.0
2025-08-30,KOJC,0.01
2025-08-31,KOJC,0.02
2025-09-01,KOJC,0.11
2025-09-02,KOJC,0.0
2025-09-03,KOJC,0.001
2025-09-04,KOJC,0.0
2025-09-05,KOJC,0.001
2025-09-06,KOJC,0.0
2025-09-07,KOJC,0.0
2025-09-08,KOJC,0.0
2025-09-09,KOJC,0.25
2025-09-10,KOJC,0.0
2025-09-11,KOJC,0.0
2025-09-12,KOJC,0.0
2025-09-13,KOJC,0.0
2025-09-14,KOJC,0.0
2025-09-15,KOJC,0.03
2025-09-16,KOJC,0.0
2025-09-17,KOJC,0.0
2025-09-18,KOJC,0.98
2025-09-19,KOJC,0.0
2025-09-20,KOJC,0.0
2025-09-21,KOJC,0.001
2025-09-22,KOJC,0.0
2025-09-23,KOJC,0.31
2025-09-24,KOJC,0.05
2025-09-25,KOJC,0.0
2025-09-26,KOJC,0.0
2025-09-27,KOJC,0.0
2025-09-28,KOJC,0.0
2025-09-29,KOJC,0.0
2025-09-30,KOJC,0.0
2025-10-01,KOJC,0.0
2025-10-02,KOJC,0.0
2025-10-03,KOJC,0.0
2025-10-04,KOJC,0.0
2025-10-05,KOJC,0.0
2025-10-06,KOJC,0.01
2025-10-07,KOJC,0.02
2025-10-08,KOJC,0.0
2025-10-09,KOJC,0.0
2025-10-10,KOJC,0.0
2025-10-11,KOJC,0.0
2025-10-12,KOJC,0.001
2025-10-13,KOJC,0.02
2025-10-14,KOJC,0.04
2025-10-15,KOJC,0.001
2025-10-16,KOJC,0.0
2025-10-17,KOJC,0.04
2025-10-18,KOJC,0.01
2025-10-19,KOJC,0.0
2025-10-20,KOJC,0.0
2025-10-21,KOJC,0.0
2025-10-22,KOJC,0.0
2025-10-23,KOJC,0.01
2025-10-24,KOJC,0.19
2025-10-25,KOJC,0.05
2025-10-26,KOJC,0.01
2025-10-27,KOJC,0.0
2025-10-28,KOJC,0.37
2025-10-29,KOJC,0.16
2025-10-30,KOJC,0.0
2025-10-31,KOJC,0.0
2025-11-01,KOJC,0.0
2025-11-02,KOJC,0.0
2025-11-03,KOJC,0.0
2025-11-04,KOJC,0.0
2025-11-05,KOJC,0.0
2025-11-06,KOJC,0.0
2025-11-07,KOJC,0.0
2025-11-08,KOJC,0.001
2025-11-09,KOJC,0.0
2025-11-10,KOJC,0.0
2025-11-11,KOJC,0.0
2025-11-12,KOJC,0.0
2025-11-13,KOJC,0.0
2025-11-14,KOJC,0.0
2025-11-15,KOJC,0.0
2025-11-16,KOJC,0.0
2025-11-17,KOJC,0.0
2025-11-18,KOJC,0.0
2025-11-19,KOJC,0.0
2025-11-20,KOJC,0.23
2025-11-21,KOJC,1.44
2025-11-22,KOJC,0.0
2025-11-23,KOJC,0.0
2025-08-01,KIXD,0.0
2025-08-02,KIXD,0.0
2025-08-03,KIXD,0.001
2025-08-04,KIXD,0.01
2025-08-05,KIXD,0.0
2025-08-06,KIXD,0.001
2025-08-07,KIXD,0.0
2025-08-08,KIXD,0.0
2025-08-09,KIXD,0.0
2025-08-10,KIXD,0.18
2025-08-11,KIXD,0.74
2025-08-12,KIXD,0.0
2025-08-13,KIXD,0.0
2025-08-14,KIXD,0.0
2025-08-15,KIXD,0.0
2025-08-16,KIXD,0.0
2025-08-17,KIXD,0.0
2025-08-18,KIXD,0.0
2025-08-19,KIXD,0.001
2025-08-20,KIXD,0.0
2025-08-21,KIXD,0.0
2025-08-22,KIXD,0.0
2025-08-23,KIXD,0.001
2025-08-24,KIXD,0.0
2025-08-25,KIXD,0.0
2025-08-26,KIXD,0.0
2025-08-27,KIXD,0.0
2025-08-28,KIXD,0.0
2025-08-29,KIXD,0.0
2025-08-30,KIXD,0.03
2025-08-31,KIXD,0.04
2025-09-01,KIXD,0.3
2025-09-02,KIXD,0.0
2025-09-03,KIXD,0.001
2025-09-04,KIXD,0.0
2025-09-05,KIXD,0.001
2025-09-06,KIXD,0.0
2025-09-07,KIXD,0.0
2025-09-08,KIXD,0.0
2025-09-09,KIXD,0.49
2025-09-10,KIXD,0.0
2025-09-11,KIXD,0.0
2025-09-12,KIXD,0.0
2025-09-13,KIXD,0.0
2025-09-14,KIXD,0.0
2025-09-15,KIXD,0.09
2025-09-16,KIXD,0.0
2025-09-17,KIXD,0.0
2025-09-18,KIXD,0.83
2025-09-19,KIXD,0.0
2025-09-20,KIXD,0.0
2025-09-21,KIXD,0.0
2025-09-22,KIXD,0.0
2025-09-23,KIXD,0.37
2025-09-24,KIXD,0.01
2025-09-25,KIXD,0.0
2025-09-26,KIXD,0.0
2025-09-27,KIXD,0.0
2025-09-28,KIXD,0.0
2025-09-29,KIXD,0.0
2025-09-30,KIXD,0.0
2025-10-01,KIXD,0.0
2025-10-02,KIXD,0.0
2025-10-03,KIXD,0.0
2025-10-04,KIXD,0.0
2025-10-05,KIXD,0.0
2025-10-06,KIXD,0.05
2025-10-07,KIXD,0.08
2025-10-08,KIXD,0.0
2025-10-09,KIXD,0.0
2025-10-10,KIXD,0.001
2025-10-11,KIXD,0.0
2025-10-12,KIXD,0.02
2025-10-13,KIXD,0.01
2025-10-14,KIXD,0.01
2025-10-15,KIXD,0.001
2025-10-16,KIXD,0.0
2025-10-17,KIXD,0.15
2025-10-18,KIXD,0.0
2025-10-19,KIXD,0.0
2025-10-20,KIXD,0.0
2025-10-21,KIXD,0.0
2025-10-22,KIXD,0.0
2025-10-23,KIXD,0.001
2025-10-24,KIXD,0.22
2025-10-25,KIXD,0.12
2025-10-26,KIXD,0.03
2025-10-27,KIXD,0.0
2025-10-28,KIXD,0.5
2025-10-29,KIXD,0.16
2025-10-30,KIXD,0.0
2025-10-31,KIXD,0.001
2025-11-01,KIXD,0.0
2025-11-02,KIXD,0.0
2025-11-03,KIXD,0.0
2025-11-04,KIXD,0.0
2025-11-05,KIXD,0.0
2025-11-06,KIXD,0.0
2025-11-07,KIXD,0.0
2025-11-08,KIXD,0.001
2025-11-09,KIXD,0.0
2025-11-10,KIXD,0.0
2025-11-11,KIXD,0.0
2025-11-12,KIXD,0.0
2025-11-13,KIXD,0.0
2025-11-14,KIXD,0.0
2025-11-15,KIXD,0.0
2025-11-16,KIXD,0.0
2025-11-17,KIXD,0.0
2025-11-18,KIXD,0.0
2025-11-19,KIXD,0.0
2025-11-20,KIXD,0.19
2025-11-21,KIXD,1.26
2025-11-22,KIXD,0.01
2025-11-23,KIXD,0.0
2025-08-01,KLWC,0.0
2025-08-02,KLWC,0.0
2025-08-03,KLWC,0.001
2025-08-04,KLWC,0.0
2025-08-05,KLWC,0.0
2025-08-06,KLWC,0.02
2025-08-07,KLWC,0.0
2025-08-08,KLWC,0.0
2025-08-09,KLWC,0.07
2025-08-10,KLWC,0.71
2025-08-11,KLWC,0.28
2025-08-12,KLWC,0.0
2025-08-13,KLWC,0.0
2025-08-14,KLWC,0.0
2025-08-15,KLWC,0.0
2025-08-16,KLWC,0.0
2025-08-17,KLWC,0.0
2025-08-18,KLWC,0.0
2025-08-19,KLWC,0.33
2025-08-20,KLWC,0.0
2025-08-21,KLWC,0.0
2025-08-22,KLWC,0.0
2025-08-23,KLWC,0.001
2025-08-24,KLWC,0.0
2025-08-25,KLWC,0.0
2025-08-26,KLWC,0.0
2025-08-27,KLWC,0.0
2025-08-28,KLWC,0.0
2025-08-29,KLWC,0.0
2025-08-30,KLWC,0.12
2025-08-31,KLWC,0.03
2025-09-01,KLWC,0.04
2025-09-02,KLWC,0.0
2025-09-03,KLWC,0.001
2025-09-04,KLWC,0.0
2025-09-05,KLWC,0.001
2025-09-06,KLWC,0.0
2025-09-07,KLWC,0.0
2025-09-08,KLWC,0.0
2025-09-09,KLWC,0.41
2025-09-10,KLWC,0.0
2025-09-11,KLWC,0.001
2025-09-12,KLWC,0.0
2025-09-13,KLWC,0.0
2025-09-14,KLWC,0.001
2025-09-15,KLWC,0.001
2025-09-16,KLWC,0.0
2025-09-17,KLWC,0.01
2025-09-18,KLWC,0.53
2025-09-19,KLWC,0.01
2025-09-20,KLWC,0.0
2025-09-21,KLWC,0.0
2025-09-22,KLWC,0.0
2025-09-23,KLWC,0.51
2025-09-24,KLWC,0.001
2025-09-25,KLWC,0.0
2025-09-26,KLWC,0.0
2025-09-27,KLWC,0.0
2025-09-28,KLWC,0.0
2025-09-29,KLWC,0.0
2025-09-30,KLWC,0.0
2025-10-01,KLWC,0.0
2025-10-02,KLWC,0.0
2025-10-03,KLWC,0.0
2025-10-04,KLWC,0.0
2025-10-05,KLWC,0.0
2025-10-06,KLWC,0.12
2025-10-07,KLWC,0.01
2025-10-08,KLWC,0.0
2025-10-09,KLWC,0.0
2025-10-10,KLWC,0.0
2025-10-11,KLWC,0.0
2025-10-12,KLWC,0.001
2025-10-13,KLWC,0.001
2025-10-14,KLWC,0.001
2025-10-15,KLWC,0.001
2025-10-16,KLWC,0.0
2025-10-17,KLWC,0.2
2025-10-18,KLWC,0.001
2025-10-19,KLWC,0.0
2025-10-20,KLWC,0.0
2025-10-21,KLWC,0.0
2025-10-22,KLWC,0.0
2025-10-23,KLWC,0.01
2025-10-24,KLWC,0.5
2025-10-25,KLWC,0.15
2025-10-26,KLWC,0.01
2025-10-27,KLWC,0.01
2025-10-28,KLWC,0.29
2025-10-29,KLWC,0.1
2025-10-30,KLWC,0.0
2025-10-31,KLWC,0.0
2025-11-01,KLWC,0.0
2025-11-02,KLWC,0.0
2025-11-03,KLWC,0.0
2025-11-04,KLWC,0.0
2025-11-05,KLWC,0.0
2025-11-06,KLWC,0.0
2025-11-07,KLWC,0.0
2025-11-08,KLWC,0.01
2025-11-09,KLWC,0.0
2025-11-10,KLWC,0.0
2025-11-11,KLWC,0.0
2025-11-12,KLWC,0.0
2025-11-13,KLWC,0.0
2025-11-14,KLWC,0.0
2025-11-15,KLWC,0.0
2025-11-16,KLWC,0.0
2025-11-17,KLWC,0.001
2025-11-18,KLWC,0.0
2025-11-19,KLWC,0.01
2025-11-20,KLWC,0.25
2025-11-21,KLWC,1.16
2025-11-22,KLWC,0.0
2025-11-23,KLWC,0.0
2025-08-01,KMCI,0.0
2025-08-02,KMCI,0.0
2025-08-03,KMCI,0.0
2025-08-04,KMCI,0.0
2025-08-05,KMCI,0.0
2025-08-06,KMCI,0.01
2025-08-07,KMCI,0.0
2025-08-08,KMCI,0.01
2025-08-09,KMCI,0.34
2025-08-10,KMCI,0.09
2025-08-11,KMCI,0.11
2025-08-12,KMCI,0.0
2025-08-13,KMCI,0.0
2025-08-14,KMCI,0.0
2025-08-15,KMCI,0.0
2025-08-16,KMCI,0.0
2025-08-17,KMCI,0.0
2025-08-18,KMCI,0.0
2025-08-19,KMCI,0.27
2025-08-20,KMCI,0.0
2025-08-21,KMCI,0.0
2025-08-22,KMCI,0.0
2025-08-23,KMCI,0.0
2025-08-24,KMCI,0.001
2025-08-25,KMCI,0.0
2025-08-26,KMCI,0.0
2025-08-27,KMCI,0.0
2025-08-28,KMCI,0.0
2025-08-29,KMCI,0.0
2025-08-30,KMCI,0.001
2025-08-31,KMCI,0.01
2025-09-01,KMCI,0.16
2025-09-02,KMCI,0.001
2025-09-03,KMCI,0.0
2025-09-04,KMCI,0.0
2025-09-05,KMCI,0.001
2025-09-06,KMCI,0.0
2025-09-07,KMCI,0.0
2025-09-08,KMCI,0.0
2025-09-09,KMCI,0.14
2025-09-10,KMCI,0.0
2025-09-11,KMCI,0.0
2025-09-12,KMCI,0.0
2025-09-13,KMCI,0.0
2025-09-14,KMCI,0.001
2025-09-15,KMCI,0.0
2025-09-16,KMCI,0.001
2025-09-17,KMCI,0.0
2025-09-18,KMCI,0.19
2025-09-19,KMCI,0.0
2025-09-20,KMCI,0.0
2025-09-21,KMCI,0.001
2025-09-22,KMCI,0.0
2025-09-23,KMCI,1.09
2025-09-24,KMCI,0.0
2025-09-25,KMCI,0.0
2025-09-26,KMCI,0.0
2025-09-27,KMCI,0.0
2025-09-28,KMCI,0.0
2025-09-29,KMCI,0.0
2025-09-30,KMCI,0.0
2025-10-01,KMCI,0.0
2025-10-02,KMCI,0.0
2025-10-03,KMCI,0.0
2025-10-04,KMCI,0.0
2025-10-05,KMCI,0.0
2025-10-06,KMCI,0.06
2025-10-07,KMCI,0.16
2025-10-08,KMCI,0.0
2025-10-09,KMCI,0.0
2025-10-10,KMCI,0.0
2025-10-11,KMCI,0.0
2025-10-12,KMCI,0.001
2025-10-13,KMCI,0.001
2025-10-14,KMCI,0.01
2025-10-15,KMCI,0.001
2025-10-16,KMCI,0.0
2025-10-17,KMCI,0.48
2025-10-18,KMCI,0.65
2025-10-19,KMCI,0.0
2025-10-20,KMCI,0.0
2025-10-21,KMCI,0.0
2025-10-22,KMCI,0.0
2025-10-23,KMCI,0.0
2025-10-24,KMCI,0.13
2025-10-25,KMCI,0.07
2025-10-26,KMCI,0.01
2025-10-27,KMCI,0.01
2025-10-28,KMCI,0.43
2025-10-29,KMCI,0.1
2025-10-30,KMCI,0.0
2025-10-31,KMCI,0.0
2025-11-01,KMCI,0.0
2025-11-02,KMCI,0.0
2025-11-03,KMCI,0.0
2025-11-04,KMCI,0.0
2025-11-05,KMCI,0.0
2025-11-06,KMCI,0.0
2025-11-07,KMCI,0.0
2025-11-08,KMCI,0.001
2025-11-09,KMCI,0.0
2025-11-10,KMCI,0.0
2025-11-11,KMCI,0.0
2025-11-12,KMCI,0.0
2025-11-13,KMCI,0.0
2025-11-14,KMCI,0.0
2025-11-15,KMCI,0.0
2025-11-16,KMCI,0.0
2025-11-17,KMCI,0.0
2025-11-18,KMCI,0.0
2025-11-19,KMCI,0.01
2025-11-20,KMCI,0.08
2025-11-21,KMCI,1.4
2025-11-22,KMCI,0.0
2025-11-23,KMCI,0.0
2025-11-23,KOJC,0.0
2025-11-23,KIXD,0.0
2025-11-23,KLWC,0.0
2025-11-23,KMCI,0.001
2025-11-24,KOJC,0.37
2025-11-24,KIXD,0.35
2025-11-24,KLWC,0.2
2025-11-24,KMCI,0.26
2025-11-25,KOJC,0.0
2025-11-25,KIXD,0.0
2025-11-25,KLWC,0.01
2025-11-25,KMCI,0.001
2025-11-26,KOJC,0.0
2025-11-26,KIXD,0.0
2025-11-26,KLWC,0.0
2025-11-26,KMCI,0.0
2025-11-27,KOJC,0.0
2025-11-27,KIXD,0.0
2025-11-27,KLWC,0.0
2025-11-27,KMCI,0.0
2025-11-28,KOJC,0.03
2025-11-28,KIXD,0.05
2025-11-28,KLWC,0.04
2025-11-28,KMCI,0.01
2025-11-29,KOJC,0.77
2025-11-29,KIXD,0.79
2025-11-29,KLWC,0.74
2025-11-29,KMCI,0.51
2025-11-30,KOJC,0.0
2025-11-30,KIXD,0.0
2025-11-30,KLWC,0.0
2025-11-30,KMCI,0.001
2025-12-01,KOJC,0.0
2025-12-01,KIXD,0.0
2025-12-01,KLWC,0.3
2025-12-01,KMCI,0.33
2025-12-02,KOJC,0.0
2025-12-02,KIXD,0.0
2025-12-02,KLWC,0.0
2025-12-02,KMCI,0.0
2025-12-03,KOJC,0.0
2025-12-03,KIXD,0.0
2025-12-03,KLWC,0.0
2025-12-03,KMCI,0.0
2025-12-04,KOJC,0.0
2025-12-04,KIXD,0.0
2025-12-04,KLWC,0.0
2025-12-04,KMCI,0.0
2025-12-05,KOJC,0.0
2025-12-05,KIXD,0.0
2025-12-05,KLWC,0.0
2025-12-05,KMCI,0.0
2025-12-05,KOJC,0.0
2025-12-05,KIXD,0.0
2025-12-05,KLWC,0.0
2025-12-05,KMCI,0.0
2025-12-05,KOJC,0.0
2025-12-05,KIXD,0.0
2025-12-05,KLWC,0.0
2025-12-05,KMCI,0.0
2025-12-06,KOJC,0.0
2025-12-06,KIXD,0.0
2025-12-06,KLWC,0.0
2025-12-06,KMCI,0.0
2025-12-06,KOJC,0.0
2025-12-06,KIXD,0.0
2025-12-06,KLWC,0.0
2025-12-06,KMCI,0.0
2025-12-07,KOJC,0.0
2025-12-07,KIXD,0.0
2025-12-07,KLWC,0.0
2025-12-07,KMCI,0.0
2025-12-07,KOJC,0.0
2025-12-07,KIXD,0.0
2025-12-07,KLWC,0.0
2025-12-07,KMCI,0.0
2025-12-08,KOJC,0.0
2025-12-08,KIXD,0.0
2025-12-08,KLWC,0.0
2025-12-08,KMCI,0.0
2025-12-08,KOJC,0.0
2025-12-08,KIXD,0.0
2025-12-08,KLWC,0.0
2025-12-08,KMCI,0.0
2025-12-09,KOJC,0.0
2025-12-09,KIXD,0.0
2025-12-09,KLWC,0.0
2025-12-09,KMCI,0.0
2025-12-09,KOJC,0.0
2025-12-09,KIXD,0.0
2025-12-09,KLWC,0.0
2025-12-09,KMCI,0.0
2025-12-10,KOJC,0.0
2025-12-10,KIXD,0.0
2025-12-10,KLWC,0.001
2025-12-10,KMCI,0.001
2025-12-10,KOJC,0.0
2025-12-10,KIXD,0.0
2025-12-10,KLWC,0.001
2025-12-10,KMCI,0.001
2025-12-11,KOJC,0.0
2025-12-11,KIXD,0.0
2025-12-11,KLWC,0.0
2025-12-11,KMCI,0.0
2025-12-11,KOJC,0.0
2025-12-11,KIXD,0.0
2025-12-11,KLWC,0.0
2025-12-11,KMCI,0.0
2025-12-12,KOJC,0.0
2025-12-12,KIXD,0.0
2025-12-12,KLWC,0.0
2025-12-12,KMCI,0.0
2025-12-12,KOJC,0.0
2025-12-12,KIXD,0.0
2025-12-12,KLWC,0.0
2025-12-12,KMCI,0.0
2025-12-13,KOJC,0.001
2025-12-13,KIXD,0.0
2025-12-13,KLWC,0.001
2025-12-13,KMCI,0.001
2025-12-13,KOJC,0.001
2025-12-13,KIXD,0.0
2025-12-13,KLWC,0.001
2025-12-13,KMCI,0.001
2025-12-14,KOJC,0.0
2025-12-14,KIXD,0.0
2025-12-14,KLWC,0.0
2025-12-14,KMCI,0.0
2025-12-14,KOJC,0.0
2025-12-14,KIXD,0.0
2025-12-14,KLWC,0.0
2025-12-14,KMCI,0.0
2025-12-15,KOJC,0.0
2025-12-15,KIXD,0.0
2025-12-15,KLWC,0.0
2025-12-15,KMCI,0.0
2025-12-15,KOJC,0.0
2025-12-15,KIXD,0.0
2025-12-15,KLWC,0.0
2025-12-15,KMCI,0.0
2025-12-16,KOJC,0.0
2025-12-16,KIXD,0.0
2025-12-16,KLWC,0.0
2025-12-16,KMCI,0.0
2025-12-16,KOJC,0.0
2025-12-16,KIXD,0.0
2025-12-16,KLWC,0.0
2025-12-16,KMCI,0.0
2025-12-17,KOJC,0.0
2025-12-17,KIXD,0.0
2025-12-17,KLWC,0.0
2025-12-17,KMCI,0.0
2025-12-17,KOJC,0.0
2025-12-17,KIXD,0.0
2025-12-17,KLWC,0.0
2025-12-17,KMCI,0.0
2025-12-18,KOJC,0.001
2025-12-18,KIXD,0.01
2025-12-18,KLWC,0.02
2025-12-18,KMCI,0.01
2025-12-18,KOJC,0.001
2025-12-18,KIXD,0.01
2025-12-18,KLWC,0.02
2025-12-18,KMCI,0.01
2025-12-19,KOJC,0.0
2025-12-19,KIXD,0.0
2025-12-19,KLWC,0.0
2025-12-19,KMCI,0.0
2025-12-19,KOJC,0.0
2025-12-19,KIXD,0.0
2025-12-19,KLWC,0.0
2025-12-19,KMCI,0.0
2025-12-20,KOJC,0.0
2025-12-20,KIXD,0.0
2025-12-20,KLWC,0.0
2025-12-20,KMCI,0.0
2025-12-20,KOJC,0.0
2025-12-20,KIXD,0.0
2025-12-20,KLWC,0.0
2025-12-20,KMCI,0.0
2025-12-21,KOJC,0.0
2025-12-21,KIXD,0.0
2025-12-21,KLWC,0.0
2025-12-21,KMCI,0.0
2025-12-21,KOJC,0.0
2025-12-21,KIXD,0.0
2025-12-21,KLWC,0.0
2025-12-21,KMCI,0.0
2025-12-22,KOJC,0.0
2025-12-22,KIXD,0.0
2025-12-22,KLWC,0.0
2025-12-22,KMCI,0.0
2025-12-22,KOJC,0.0
2025-12-22,KIXD,0.0
2025-12-22,KLWC,0.0
2025-12-22,KMCI,0.0
2025-12-23,KOJC,0.0
2025-12-23,KIXD,0.0
2025-12-23,KLWC,0.0
2025-12-23,KMCI,0.0
2025-12-23,KOJC,0.0
2025-12-23,KIXD,0.0
2025-12-23,KLWC,0.0
2025-12-23,KMCI,0.0
2025-12-24,KOJC,0.0
2025-12-24,KIXD,0.0
2025-12-24,KLWC,0.01
2025-12-24,KMCI,0.0
2025-12-24,KOJC,0.0
2025-12-24,KIXD,0.0
2025-12-24,KLWC,0.01
2025-12-24,KMCI,0.0
2025-12-25,KOJC,0.0
2025-12-25,KIXD,0.0
2025-12-25,KLWC,0.01
2025-12-25,KMCI,0.001
2025-12-25,KOJC,0.0
2025-12-25,KIXD,0.0
2025-12-25,KLWC,0.01
2025-12-25,KMCI,0.001
2025-12-26,KOJC,0.0
2025-12-26,KIXD,0.0
2025-12-26,KLWC,0.01
2025-12-26,KMCI,0.0
2025-12-26,KOJC,0.0
2025-12-26,KIXD,0.0
2025-12-26,KLWC,0.01
2025-12-26,KMCI,0.0
2025-12-27,KOJC,0.0
2025-12-27,KIXD,0.001
2025-12-27,KLWC,0.001
2025-12-27,KMCI,0.001
2025-12-27,KOJC,0.0
2025-12-27,KIXD,0.001
2025-12-27,KLWC,0.001
2025-12-27,KMCI,0.001
2025-12-28,KOJC,0.001
2025-12-28,KIXD,0.01
2025-12-28,KLWC,0.01
2025-12-28,KMCI,0.35
2025-12-28,KOJC,0.001
2025-12-28,KIXD,0.01
2025-12-28,KLWC,0.01
2025-12-28,KMCI,0.35
2025-12-29,KOJC,0.0
2025-12-29,KIXD,0.0
2025-12-29,KLWC,0.0
2025-12-29,KMCI,0.001
2025-12-29,KOJC,0.0
2025-12-29,KIXD,0.0
2025-12-29,KLWC,0.0
2025-12-29,KMCI,0.001
2025-12-30,KOJC,0.0
2025-12-30,KIXD,0.0
2025-12-30,KLWC,0.0
2025-12-30,KMCI,0.0
2025-12-30,KOJC,0.0
2025-12-30,KIXD,0.0
2025-12-30,KLWC,0.0
2025-12-30,KMCI,0.0
2025-12-31,KOJC,0.0
2025-12-31,KIXD,0.0
2025-12-31,KLWC,0.0
2025-12-31,KMCI,0.0
2025-12-31,KOJC,0.0
2025-12-31,KIXD,0.0
2025-12-31,KLWC,0.0
2025-12-31,KMCI,0.0
2026-01-01,KOJC,0.0
2026-01-01,KIXD,0.0
2026-01-01,KLWC,0.0
2026-01-01,KMCI,0.0
2026-01-01,KOJC,0.0
2026-01-01,KIXD,0.0
2026-01-01,KLWC,0.0
2026-01-01,KMCI,0.0
2026-01-02,KOJC,0.0
2026-01-02,KIXD,0.0
2026-01-02,KLWC,0.0
2026-01-02,KMCI,0.0
2026-01-02,KOJC,0.0
2026-01-02,KIXD,0.0
2026-01-02,KLWC,0.0
2026-01-02,KMCI,0.0
2026-01-03,KOJC,0.0
2026-01-03,KIXD,0.0
2026-01-03,KLWC,0.0
2026-01-03,KMCI,0.0
2026-01-03,KOJC,0.0
2026-01-03,KIXD,0.0
2026-01-03,KLWC,0.0
2026-01-03,KMCI,0.0
2026-01-04,KOJC,0.0
2026-01-04,KIXD,0.0
2026-01-04,KLWC,0.0
2026-01-04,KMCI,0.0
2026-01-04,KOJC,0.0
2026-01-04,KIXD,0.0
2026-01-04,KLWC,0.0
2026-01-04,KMCI,0.0
2026-01-05,KOJC,0.0
2026-01-05,KIXD,0.0
2026-01-05,KLWC,0.0
2026-01-05,KMCI,0.0
2026-01-05,KOJC,0.0
2026-01-05,KIXD,0.0
2026-01-05,KLWC,0.0
2026-01-05,KMCI,0.0
2026-01-06,KOJC,0.0
2026-01-06,KIXD,0.0
2026-01-06,KLWC,0.0
2026-01-06,KMCI,0.0
2026-01-06,KOJC,0.0
2026-01-06,KIXD,0.0
2026-01-06,KLWC,0.0
2026-01-06,KMCI,0.0
2026-01-07,KOJC,0.0
2026-01-07,KIXD,0.0
2026-01-07,KLWC,0.0
2026-01-07,KMCI,0.0
2026-01-07,KOJC,0.0
2026-01-07,KIXD,0.0
2026-01-07,KLWC,0.0
2026-01-07,KMCI,0.0
2026-01-08,KOJC,1.2
2026-01-08,KIXD,1.21
2026-01-08,KLWC,1.33
2026-01-08,KMCI,1.04
2026-01-08,KOJC,1.2
2026-01-08,KIXD,1.21
2026-01-08,KLWC,1.33
2026-01-08,KMCI,1.04
2026-01-09,KOJC,0.08
2026-01-09,KIXD,0.06
2026-01-09,KLWC,0.08
2026-01-09,KMCI,0.08
2026-01-09,KOJC,0.08
2026-01-09,KIXD,0.06
2026-01-09,KLWC,0.08
2026-01-09,KMCI,0.08
2026-01-10,KOJC,0.08
2026-01-10,KIXD,0.04
2026-01-10,KLWC,0.001
2026-01-10,KMCI,0.01
2026-01-10,KOJC,0.08
2026-01-10,KIXD,0.04
2026-01-10,KLWC,0.001
2026-01-10,KMCI,0.01
2026-01-11,KOJC,0.0
2026-01-11,KIXD,0.0
2026-01-11,KLWC,0.0
2026-01-11,KMCI,0.0
2026-01-11,KOJC,0.0
2026-01-11,KIXD,0.0
2026-01-11,KLWC,0.0
2026-01-11,KMCI,0.0
2026-01-12,KOJC,0.0
2026-01-12,KIXD,0.0
2026-01-12,KLWC,0.0
2026-01-12,KMCI,0.0
2026-01-12,KOJC,0.0
2026-01-12,KIXD,0.0
2026-01-12,KLWC,0.0
2026-01-12,KMCI,0.0
2026-01-13,KOJC,0.001
2026-01-13,KIXD,0.001
2026-01-13,KLWC,0.001
2026-01-13,KMCI,0.01
2026-01-13,KOJC,0.001
2026-01-13,KIXD,0.001
2026-01-13,KLWC,0.001
2026-01-13,KMCI,0.01
2026-01-14,KOJC,0.0
2026-01-14,KIXD,0.0
2026-01-14,KLWC,0.0
2026-01-14,KMCI,0.0
2026-01-14,KOJC,0.0
2026-01-14,KIXD,0.0
2026-01-14,KLWC,0.0
2026-01-14,KMCI,0.0
2026-01-15,KOJC,0.0
2026-01-15,KIXD,0.0
2026-01-15,KLWC,0.0
2026-01-15,KMCI,0.0
2026-01-15,KOJC,0.0
2026-01-15,KIXD,0.0
2026-01-15,KLWC,0.0
2026-01-15,KMCI,0.0
2026-01-16,KOJC,0.03
2026-01-16,KIXD,0.001
2026-01-16,KLWC,0.001
2026-01-16,KMCI,0.01
2026-01-16,KOJC,0.03
2026-01-16,KIXD,0.001
2026-01-16,KLWC,0.001
2026-01-16,KMCI,0.01
2026-01-17,KOJC,0.0
2026-01-17,KIXD,0.001
2026-01-17,KLWC,0.001
2026-01-17,KMCI,0.001
2026-01-17,KOJC,0.0
2026-01-17,KIXD,0.001
2026-01-17,KLWC,0.001
2026-01-17,KMCI,0.001
2026-01-18,KOJC,0.0
2026-01-18,KIXD,0.0
2026-01-18,KLWC,0.0
2026-01-18,KMCI,0.0
2026-01-18,KOJC,0.0
2026-01-18,KIXD,0.0
2026-01-18,KLWC,0.0
2026-01-18,KMCI,0.0
2026-01-19,KOJC,0.0
2026-01-19,KIXD,0.0
2026-01-19,KLWC,0.0
2026-01-19,KMCI,0.0
2026-01-19,KOJC,0.0
2026-01-19,KIXD,0.0
2026-01-19,KLWC,0.0
2026-01-19,KMCI,0.0
2026-01-20,KOJC,0.0
2026-01-20,KIXD,0.0
2026-01-20,KLWC,0.0
2026-01-20,KMCI,0.0
2026-01-20,KOJC,0.0
2026-01-20,KIXD,0.0
2026-01-20,KLWC,0.0
2026-01-20,KMCI,0.0
2026-01-21,KOJC,0.0
2026-01-21,KIXD,0.0
2026-01-21,KLWC,0.0
2026-01-21,KMCI,0.0
2026-01-21,KOJC,0.0
2026-01-21,KIXD,0.0
2026-01-21,KLWC,0.0
2026-01-21,KMCI,0.0
2026-01-22,KOJC,0.0
2026-01-22,KIXD,0.0
2026-01-22,KLWC,0.0
2026-01-22,KMCI,0.0
2026-01-22,KOJC,0.0
2026-01-22,KIXD,0.0
2026-01-22,KLWC,0.0
2026-01-22,KMCI,0.0
2026-01-23,KOJC,0.0
2026-01-23,KIXD,0.001
2026-01-23,KLWC,0.001
2026-01-23,KMCI,0.0
2026-01-23,KOJC,0.0
2026-01-23,KIXD,0.001
2026-01-23,KLWC,0.001
2026-01-23,KMCI,0.0
2026-01-24,KOJC,0.03
2026-01-24,KIXD,0.001
2026-01-24,KLWC,0.05
2026-01-24,KMCI,0.06
2026-01-24,KOJC,0.03
2026-01-24,KIXD,0.001
2026-01-24,KLWC,0.05
2026-01-24,KMCI,0.06
2026-01-25,KOJC,0.001
2026-01-25,KIXD,0.001
2026-01-25,KLWC,0.01
2026-01-25,KMCI,0.001
2026-01-25,KOJC,0.001
2026-01-25,KIXD,0.001
2026-01-25,KLWC,0.01
2026-01-25,KMCI,0.001
2026-01-26,KOJC,0.0
2026-01-26,KIXD,0.0
2026-01-26,KLWC,0.0
2026-01-26,KMCI,0.0
2026-01-26,KOJC,0.0
2026-01-26,KIXD,0.0
2026-01-26,KLWC,0.0
2026-01-26,KMCI,0.0
2026-01-27,KOJC,0.0
2026-01-27,KIXD,0.0
2026-01-27,KLWC,0.0
2026-01-27,KMCI,0.0
2026-01-27,KOJC,0.0
2026-01-27,KIXD,0.0
2026-01-27,KLWC,0.0
2026-01-27,KMCI,0.0
2026-01-28,KOJC,0.0
2026-01-28,KIXD,0.0
2026-01-28,KLWC,0.0
2026-01-28,KMCI,0.0
2026-01-28,KOJC,0.0
2026-01-28,KIXD,0.0
2026-01-28,KLWC,0.0
2026-01-28,KMCI,0.0
2026-01-29,KOJC,0.0
2026-01-29,KIXD,0.0
2026-01-29,KLWC,0.0
2026-01-29,KMCI,0.0
2026-01-29,KOJC,0.0
2026-01-29,KIXD,0.0
2026-01-29,KLWC,0.0
2026-01-29,KMCI,0.0
2026-01-30,KOJC,0.001
2026-01-30,KIXD,0.001
2026-01-30,KLWC,0.001
2026-01-30,KMCI,0.001
2026-01-30,KOJC,0.001
2026-01-30,KIXD,0.001
2026-01-30,KLWC,0.001
2026-01-30,KMCI,0.001
2026-01-31,KOJC,0.0
2026-01-31,KIXD,0.0
2026-01-31,KLWC,0.0
2026-01-31,KMCI,0.0
2026-01-31,KOJC,0.0
2026-01-31,KIXD,0.0
2026-01-31,KLWC,0.0
2026-01-31,KMCI,0.0
2026-02-01,KOJC,0.0
2026-02-01,KIXD,0.0
2026-02-01,KLWC,0.0
2026-02-01,KMCI,0.0
2026-02-01,KOJC,0.0
2026-02-01,KIXD,0.0
2026-02-01,KLWC,0.0
2026-02-01,KMCI,0.0
2026-02-02,KOJC,0.0
2026-02-02,KIXD,0.0
2026-02-02,KLWC,0.0
2026-02-02,KMCI,0.0
2026-02-02,KOJC,0.0
2026-02-02,KIXD,0.0
2026-02-02,KLWC,0.0
2026-02-02,KMCI,0.0
2026-02-03,KOJC,0.0
2026-02-03,KIXD,0.0
2026-02-03,KLWC,0.0
2026-02-03,KMCI,0.0
2026-02-03,KOJC,0.0
2026-02-03,KIXD,0.0
2026-02-03,KLWC,0.0
2026-02-03,KMCI,0.0
2026-02-04,KOJC,0.0
2026-02-04,KIXD,0.0
2026-02-04,KLWC,0.0
2026-02-04,KMCI,0.0
2026-02-04,KOJC,0.0
2026-02-04,KIXD,0.0
2026-02-04,KLWC,0.0
2026-02-04,KMCI,0.0
2026-02-05,KOJC,0.0
2026-02-05,KIXD,0.0
2026-02-05,KLWC,0.0
2026-02-05,KMCI,0.0
2026-02-05,KOJC,0.0
2026-02-05,KIXD,0.0
2026-02-05,KLWC,0.0
2026-02-05,KMCI,0.0
2026-02-06,KOJC,0.0
2026-02-06,KIXD,0.0
2026-02-06,KLWC,0.0
2026-02-06,KMCI,0.0
2026-02-06,KOJC,0.0
2026-02-06,KIXD,0.0
2026-02-06,KLWC,0.0
2026-02-06,KMCI,0.0
2026-02-07,KOJC,0.0
2026-02-07,KIXD,0.0
2026-02-07,KLWC,0.0
2026-02-07,KMCI,0.0
2026-02-07,KOJC,0.0
2026-02-07,KIXD,0.0
2026-02-07,KLWC,0.0
2026-02-07,KMCI,0.0
2026-02-08,KOJC,0.0
2026-02-08,KIXD,0.0
2026-02-08,KLWC,0.0
2026-02-08,KMCI,0.0
2026-02-08,KOJC,0.0
2026-02-08,KIXD,0.0
2026-02-08,KLWC,0.0
2026-02-08,KMCI,0.0
2026-02-09,KOJC,0.0
2026-02-09,KIXD,0.0
2026-02-09,KLWC,0.0
2026-02-09,KMCI,0.0
2026-02-09,KOJC,0.0
2026-02-09,KIXD,0.0
2026-02-09,KLWC,0.0
2026-02-09,KMCI,0.0
2026-02-10,KOJC,0.0
2026-02-10,KIXD,0.0
2026-02-10,KLWC,0.0
2026-02-10,KMCI,0.0
2026-02-10,KOJC,0.0
2026-02-10,KIXD,0.0
2026-02-10,KLWC,0.0
2026-02-10,KMCI,0.0
2026-02-11,KOJC,0.0
2026-02-11,KIXD,0.0
2026-02-11,KLWC,0.0
2026-02-11,KMCI,0.0
2026-02-11,KOJC,0.0
2026-02-11,KIXD,0.0
2026-02-11,KLWC,0.0
2026-02-11,KMCI,0.0
2026-02-12,KOJC,0.0
2026-02-12,KIXD,0.0
2026-02-12,KLWC,0.0
2026-02-12,KMCI,0.0
2026-02-12,KOJC,0.0
2026-02-12,KIXD,0.0
2026-02-12,KLWC,0.0
2026-02-12,KMCI,0.0
2026-02-13,KOJC,0.0
2026-02-13,KIXD,0.0
2026-02-13,KLWC,0.001
2026-02-13,KMCI,0.0
2026-02-13,KOJC,0.0
2026-02-13,KIXD,0.0
2026-02-13,KLWC,0.001
2026-02-13,KMCI,0.0
2026-02-14,KOJC,1.19
2026-02-14,KIXD,1.59
2026-02-14,KLWC,1.43
2026-02-14,KMCI,0.59
2026-02-14,KOJC,1.19
2026-02-14,KIXD,1.59
2026-02-14,KLWC,1.43
2026-02-14,KMCI,0.59
2026-02-15,KOJC,0.0
2026-02-15,KIXD,0.0
2026-02-15,KLWC,0.0
2026-02-15,KMCI,0.0
2026-02-15,KOJC,0.0
2026-02-15,KIXD,0.0
2026-02-15,KLWC,0.0
2026-02-15,KMCI,0.0
2026-02-16,KOJC,0.0
2026-02-16,KIXD,0.0
2026-02-16,KLWC,0.0
2026-02-16,KMCI,0.0
2026-02-16,KOJC,0.0
2026-02-16,KIXD,0.0
2026-02-16,KLWC,0.0
2026-02-16,KMCI,0.001
2026-02-17,KOJC,0.0
2026-02-17,KIXD,0.001
2026-02-17,KLWC,0.0
2026-02-17,KMCI,0.001
2026-02-17,KOJC,0.0
2026-02-17,KIXD,0.001
2026-02-17,KLWC,0.0
2026-02-17,KMCI,0.001
2026-02-18,KOJC,0.0
2026-02-18,KIXD,0.0
2026-02-18,KLWC,0.0
2026-02-18,KMCI,0.0
2026-02-18,KOJC,0.0
2026-02-18,KIXD,0.0
2026-02-18,KLWC,0.0
2026-02-18,KMCI,0.0
2026-02-19,KOJC,0.0
2026-02-19,KIXD,0.0
2026-02-19,KLWC,0.0
2026-02-19,KMCI,0.001
2026-02-19,KOJC,0.0
2026-02-19,KIXD,0.0
2026-02-19,KLWC,0.0
2026-02-19,KMCI,0.001
2026-02-20,KOJC,0.0
2026-02-20,KIXD,0.0
2026-02-20,KLWC,0.0
2026-02-20,KMCI,0.0
2026-02-20,KOJC,0.0
2026-02-20,KIXD,0.0
2026-02-20,KLWC,0.0
2026-02-20,KMCI,0.0
2026-02-21,KOJC,0.001
2026-02-21,KIXD,0.001
2026-02-21,KLWC,0.0
2026-02-21,KMCI,0.001
2026-02-21,KOJC,0.001
2026-02-21,KIXD,0.001
2026-02-21,KLWC,0.0
2026-02-21,KMCI,0.001
2026-02-22,KOJC,0.0
2026-02-22,KIXD,0.0
2026-02-22,KLWC,0.0
2026-02-22,KMCI,0.0
2026-02-22,KOJC,0.0
2026-02-22,KIXD,0.0
2026-02-22,KLWC,0.0
2026-02-22,KMCI,0.0
2026-02-23,KOJC,0.0
2026-02-23,KIXD,0.0
2026-02-23,KLWC,0.0
2026-02-23,KMCI,0.0
2026-02-23,KOJC,0.0
2026-02-23,KIXD,0.0
2026-02-23,KLWC,0.0
2026-02-23,KMCI,0.0
2026-02-24,KOJC,0.0
2026-02-24,KIXD,0.0
2026-02-24,KLWC,0.0
2026-02-24,KMCI,0.0
2026-02-24,KOJC,0.0
2026-02-24,KIXD,0.0
2026-02-24,KLWC,0.0
2026-02-24,KMCI,0.0
2026-02-25,KOJC,0.0
2026-02-25,KIXD,0.01
2026-02-25,KLWC,0.0
2026-02-25,KMCI,0.0
2026-02-25,KOJC,0.0
2026-02-25,KIXD,0.01
2026-02-25,KLWC,0.0
2026-02-25,KMCI,0.0
2026-02-26,KOJC,0.0
2026-02-26,KIXD,0.0
2026-02-26,KLWC,0.0
2026-02-26,KMCI,0.0
2026-02-26,KOJC,0.0
2026-02-26,KIXD,0.0
2026-02-26,KLWC,0.0
2026-02-26,KMCI,0.0
2026-02-27,KOJC,0.0
2026-02-27,KIXD,0.0
2026-02-27,KLWC,0.0
2026-02-27,KMCI,0.0
2026-02-27,KOJC,0.0
2026-02-27,KIXD,0.0
2026-02-27,KLWC,0.0
2026-02-27,KMCI,0.0
2026-02-28,KOJC,0.01
2026-02-28,KIXD,0.01
2026-02-28,KLWC,0.01
2026-02-28,KMCI,0.0
2026-02-28,KOJC,0.01
2026-02-28,KIXD,0.01
2026-02-28,KLWC,0.01
2026-02-28,KMCI,0.0
2026-03-01,KOJC,0.58
2026-03-01,KIXD,0.31
2026-03-01,KLWC,0.0
2026-03-01,KMCI,0.0
2026-03-01,KOJC,0.58
2026-03-01,KIXD,0.31
2026-03-01,KLWC,0.0
2026-03-01,KMCI,0.0
2026-03-02,KOJC,0.0
2026-03-02,KIXD,0.001
2026-03-02,KLWC,0.0
2026-03-02,KMCI,0.02
2026-03-02,KOJC,0.0
2026-03-02,KIXD,0.001
2026-03-02,KLWC,0.0
2026-03-02,KMCI,0.02
2026-03-03,KOJC,0.03
2026-03-03,KIXD,0.13
2026-03-03,KLWC,0.09
2026-03-03,KMCI,0.26
2026-03-03,KOJC,0.03
2026-03-03,KIXD,0.13
2026-03-03,KLWC,0.09
2026-03-03,KMCI,0.26
2026-03-04,KOJC,0.06
2026-03-04,KIXD,0.1
2026-03-04,KLWC,0.02
2026-03-04,KMCI,0.06
2026-03-04,KOJC,0.06
2026-03-04,KIXD,0.1
2026-03-04,KLWC,0.03
2026-03-04,KMCI,0.06
2026-03-05,KOJC,0.0
2026-03-05,KIXD,0.0
2026-03-05,KLWC,0.01
2026-03-05,KMCI,0.02
2026-03-05,KOJC,0.0
2026-03-05,KIXD,0.0
2026-03-05,KLWC,0.01
2026-03-05,KMCI,0.02
2026-03-06,KOJC,1.77
2026-03-06,KIXD,1.58
2026-03-06,KLWC,1.03
2026-03-06,KMCI,0.74
2026-03-06,KOJC,1.77
2026-03-06,KIXD,1.58
2026-03-06,KLWC,1.03
2026-03-06,KMCI,0.74
2026-03-07,KOJC,0.07
2026-03-07,KIXD,0.12
2026-03-07,KLWC,0.0
2026-03-07,KMCI,0.06
2026-03-07,KOJC,0.07
2026-03-07,KIXD,0.12
2026-03-07,KLWC,0.0
2026-03-07,KMCI,0.06
2026-03-08,KOJC,0.0
2026-03-08,KIXD,0.0
2026-03-08,KLWC,0.0
2026-03-08,KMCI,0.0
2026-03-08,KOJC,0.0
2026-03-08,KIXD,0.0
2026-03-08,KLWC,0.0
2026-03-08,KMCI,0.0
2026-03-09,KOJC,0.0
2026-03-09,KIXD,0.0
2026-03-09,KLWC,0.0
2026-03-09,KMCI,0.0
2026-03-09,KOJC,0.0
2026-03-09,KIXD,0.0
2026-03-09,KLWC,0.0
2026-03-09,KMCI,0.0
2026-03-10,KOJC,2.83
2026-03-10,KIXD,1.34
2026-03-10,KLWC,0.22
2026-03-10,KMCI,0.23
2026-03-10,KOJC,2.83
2026-03-10,KIXD,1.34
2026-03-10,KLWC,0.22
2026-03-10,KMCI,0.23
2026-03-11,KOJC,0.44
2026-03-11,KIXD,0.45
2026-03-11,KLWC,0.07
2026-03-11,KMCI,0.16
2026-03-11,KOJC,0.44
2026-03-11,KIXD,0.45
2026-03-11,KLWC,0.07
2026-03-11,KMCI,0.16
2026-03-12,KOJC,0.0
2026-03-12,KIXD,0.0
2026-03-12,KLWC,0.0
2026-03-12,KMCI,0.001
2026-03-12,KOJC,0.0
2026-03-12,KIXD,0.0
2026-03-12,KLWC,0.0
2026-03-12,KMCI,0.001
2026-03-13,KOJC,0.0
2026-03-13,KIXD,0.0
2026-03-13,KLWC,0.0
2026-03-13,KMCI,0.0
2026-03-13,KOJC,0.0
2026-03-13,KIXD,0.0
2026-03-13,KLWC,0.0
2026-03-13,KMCI,0.0
2026-03-14,KOJC,0.0
2026-03-14,KIXD,0.0
2026-03-14,KLWC,0.0
2026-03-14,KMCI,0.0
2026-03-14,KOJC,0.0
2026-03-14,KIXD,0.0
2026-03-14,KLWC,0.0
2026-03-14,KMCI,0.0
2026-03-15,KOJC,0.01
2026-03-15,KIXD,0.001
2026-03-15,KLWC,0.001
2026-03-15,KMCI,0.09
2026-03-15,KOJC,0.01
2026-03-15,KIXD,0.001
2026-03-15,KLWC,0.001
2026-03-15,KMCI,0.09
2026-03-16,KOJC,0.0
2026-03-16,KIXD,0.0
2026-03-16,KLWC,0.0
2026-03-16,KMCI,0.01
2026-03-16,KOJC,0.0
2026-03-16,KIXD,0.0
2026-03-16,KLWC,0.0
2026-03-16,KMCI,0.01
2026-03-17,KOJC,0.001
2026-03-17,KIXD,0.001
2026-03-17,KLWC,0.001
2026-03-17,KMCI,0.001
2026-03-17,KOJC,0.001
2026-03-17,KIXD,0.001
2026-03-17,KLWC,0.001
2026-03-17,KMCI,0.001
2026-03-18,KOJC,0.0
2026-03-18,KIXD,0.001
2026-03-18,KLWC,0.0
2026-03-18,KMCI,0.001
2026-03-18,KOJC,0.0
2026-03-18,KIXD,0.001
2026-03-18,KLWC,0.0
2026-03-18,KMCI,0.001
2026-03-19,KOJC,0.0
2026-03-19,KIXD,0.0
2026-03-19,KLWC,0.0
2026-03-19,KMCI,0.0
2026-03-19,KOJC,0.0
2026-03-19,KIXD,0.0
2026-03-19,KLWC,0.0
2026-03-19,KMCI,0.0
2026-03-20,KOJC,0.0
2026-03-20,KIXD,0.0
2026-03-20,KLWC,0.0
2026-03-20,KMCI,0.0
2026-03-20,KOJC,0.0
2026-03-20,KIXD,0.0
2026-03-20,KLWC,0.0
2026-03-20,KMCI,0.0
2026-03-21,KOJC,0.0
2026-03-21,KIXD,0.0
2026-03-21,KLWC,0.0
2026-03-21,KMCI,0.0
2026-03-21,KOJC,0.0
2026-03-21,KIXD,0.0
2026-03-21,KLWC,0.0
2026-03-21,KMCI,0.0
2026-03-22,KOJC,0.0
2026-03-22,KIXD,0.0
2026-03-22,KLWC,0.0
2026-03-22,KMCI,0.0
2026-03-22,KOJC,0.0
2026-03-22,KIXD,0.0
2026-03-22,KLWC,0.0
2026-03-22,KMCI,0.0
2026-03-23,KOJC,0.0
2026-03-23,KIXD,0.0
2026-03-23,KLWC,0.0
2026-03-23,KMCI,0.0
2026-03-23,KOJC,0.0
2026-03-23,KIXD,0.0
2026-03-23,KLWC,0.0
2026-03-23,KMCI,0.0
2026-03-24,KOJC,0.0
2026-03-24,KIXD,0.0
2026-03-24,KLWC,0.0
2026-03-24,KMCI,0.0
2026-03-24,KOJC,0.0
2026-03-24,KIXD,0.0
2026-03-24,KLWC,0.0
2026-03-24,KMCI,0.0
2026-03-25,KOJC,0.0
2026-03-25,KIXD,0.0
2026-03-25,KLWC,0.0
2026-03-25,KMCI,0.0
2026-03-25,KOJC,0.0
2026-03-25,KIXD,0.0
2026-03-25,KLWC,0.0
2026-03-25,KMCI,0.0
2026-03-26,KOJC,0.0
2026-03-26,KIXD,0.0
2026-03-26,KLWC,0.0
2026-03-26,KMCI,0.21
2026-03-26,KOJC,0.0
2026-03-26,KIXD,0.0
2026-03-26,KLWC,0.0
2026-03-26,KMCI,0.21
2026-03-27,KOJC,0.01
2026-03-27,KIXD,0.001
2026-03-27,KLWC,0.001
2026-03-27,KMCI,0.01
2026-03-27,KOJC,0.01
2026-03-27,KIXD,0.001
2026-03-27,KLWC,0.001
2026-03-27,KMCI,0.01
2026-03-28,KOJC,0.0
2026-03-28,KIXD,0.0
2026-03-28,KLWC,0.0
2026-03-28,KMCI,0.0
2026-03-28,KOJC,0.0
2026-03-28,KIXD,0.0
2026-03-28,KLWC,0.0
2026-03-28,KMCI,0.0
2026-03-29,KOJC,0.0
2026-03-29,KIXD,0.0
2026-03-29,KLWC,0.0
2026-03-29,KMCI,0.0
2026-03-29,KOJC,0.0
2026-03-29,KIXD,0.0
2026-03-29,KLWC,0.0
2026-03-29,KMCI,0.0
2026-03-30,KOJC,0.0
2026-03-30,KIXD,0.0
2026-03-30,KLWC,0.0
2026-03-30,KMCI,0.0
2026-03-30,KOJC,0.0
2026-03-30,KIXD,0.0
2026-03-30,KLWC,0.0
2026-03-30,KMCI,0.0
2026-03-31,KOJC,0.0
2026-03-31,KIXD,0.001
2026-03-31,KLWC,0.06
2026-03-31,KMCI,0.001
2026-03-31,KOJC,0.0
2026-03-31,KIXD,0.001
2026-03-31,KLWC,0.06
2026-03-31,KMCI,0.001
2026-04-01,KOJC,0.43
2026-04-01,KIXD,0.33
2026-04-01,KLWC,0.32
2026-04-01,KMCI,0.85
2026-04-01,KOJC,0.43
2026-04-01,KIXD,0.33
2026-04-01,KLWC,0.32
2026-04-01,KMCI,0.85
2026-04-02,KOJC,0.34
2026-04-02,KIXD,0.49
2026-04-02,KLWC,0.19
2026-04-02,KMCI,0.35
2026-04-02,KOJC,0.34
2026-04-02,KIXD,0.49
2026-04-02,KLWC,0.19
2026-04-02,KMCI,0.35
2026-04-03,KOJC,0.03
2026-04-03,KIXD,0.09
2026-04-03,KLWC,0.22
2026-04-03,KMCI,0.31
2026-04-03,KOJC,0.03
2026-04-03,KIXD,0.09
2026-04-03,KLWC,0.22
2026-04-03,KMCI,0.31
2026-04-04,KOJC,0.0
2026-04-04,KIXD,0.0
2026-04-04,KLWC,0.0
2026-04-04,KMCI,0.0
2026-04-04,KOJC,0.0
2026-04-04,KIXD,0.0
2026-04-04,KLWC,0.0
2026-04-04,KMCI,0.0
2026-04-05,KOJC,0.0
2026-04-05,KIXD,0.0
2026-04-05,KLWC,0.0
2026-04-05,KMCI,0.0
2026-04-05,KOJC,0.0
2026-04-05,KIXD,0.0
2026-04-05,KLWC,0.0
2026-04-05,KMCI,0.0
2026-04-06,KOJC,0.0
2026-04-06,KIXD,0.0
2026-04-06,KLWC,0.0
2026-04-06,KMCI,0.0
2026-04-06,KOJC,0.0
2026-04-06,KIXD,0.0
2026-04-06,KLWC,0.0
2026-04-06,KMCI,0.0
2026-04-07,KOJC,0.0
2026-04-07,KIXD,0.0
2026-04-07,KLWC,0.0
2026-04-07,KMCI,0.0
2026-04-07,KOJC,0.0
2026-04-07,KIXD,0.0
2026-04-07,KLWC,0.0
2026-04-07,KMCI,0.0
2026-04-08,KOJC,0.0
2026-04-08,KIXD,0.0
2026-04-08,KLWC,0.0
2026-04-08,KMCI,0.0
2026-04-08,KOJC,0.0
2026-04-08,KIXD,0.0
2026-04-08,KLWC,0.0
2026-04-08,KMCI,0.0
2026-04-09,KOJC,0.17
2026-04-09,KIXD,0.2
2026-04-09,KLWC,0.94
2026-04-09,KMCI,0.7
2026-04-09,KOJC,0.17
2026-04-09,KIXD,0.2
2026-04-09,KLWC,0.94
2026-04-09,KMCI,0.7
2026-04-10,KOJC,1.24
2026-04-10,KIXD,1.15
2026-04-10,KLWC,0.89
2026-04-10,KMCI,0.63
2026-04-10,KOJC,1.24
2026-04-10,KIXD,1.15
2026-04-10,KLWC,0.89
2026-04-10,KMCI,0.63
2026-04-11,KOJC,0.0
2026-04-11,KIXD,0.0
2026-04-11,KLWC,0.01
2026-04-11,KMCI,0.001
2026-04-11,KOJC,0.0
2026-04-11,KIXD,0.0
2026-04-11,KLWC,0.01
2026-04-11,KMCI,0.001
2026-04-12,KOJC,0.36
2026-04-12,KIXD,0.56
2026-04-12,KLWC,0.32
2026-04-12,KMCI,0.52
2026-04-12,KOJC,0.36
2026-04-12,KIXD,0.56
2026-04-12,KLWC,0.32
2026-04-12,KMCI,0.52
2026-04-13,KOJC,0.59
2026-04-13,KIXD,1.0
2026-04-13,KLWC,0.03
2026-04-13,KMCI,0.001
2026-04-13,KOJC,0.59
2026-04-13,KIXD,1.0
2026-04-13,KLWC,0.03
2026-04-13,KMCI,0.001
2026-04-14,KOJC,0.0
2026-04-14,KIXD,0.0
2026-04-14,KLWC,0.0
2026-04-14,KMCI,0.001
2026-04-14,KOJC,0.0
2026-04-14,KIXD,0.0
2026-04-14,KLWC,0.0
2026-04-14,KMCI,0.001
2026-04-15,KOJC,0.07
2026-04-15,KIXD,0.001
2026-04-15,KLWC,0.01
2026-04-15,KMCI,0.01
2026-04-15,KOJC,0.07
2026-04-15,KIXD,0.001
2026-04-15,KLWC,0.01
2026-04-15,KMCI,0.01
2026-04-16,KOJC,0.0
2026-04-16,KIXD,0.0
2026-04-16,KLWC,0.0
2026-04-16,KMCI,0.0
2026-04-16,KOJC,0.0
2026-04-16,KIXD,0.0
2026-04-16,KLWC,0.0
2026-04-16,KMCI,0.0
2026-04-17,KOJC,1.1
2026-04-17,KIXD,0.75
2026-04-17,KLWC,0.44
2026-04-17,KMCI,0.02
2026-04-17,KOJC,1.1
2026-04-17,KIXD,0.75
2026-04-17,KLWC,0.44
2026-04-17,KMCI,0.02
2026-04-18,KOJC,0.0
2026-04-18,KIXD,0.001
2026-04-18,KLWC,0.001
2026-04-18,KMCI,0.0
2026-04-18,KOJC,0.0
2026-04-18,KIXD,0.001
2026-04-18,KLWC,0.001
2026-04-18,KMCI,0.0
2026-04-19,KOJC,0.0
2026-04-19,KIXD,0.0
2026-04-19,KLWC,0.0
2026-04-19,KMCI,0.0
2026-04-19,KOJC,0.0
2026-04-19,KIXD,0.0
2026-04-19,KLWC,0.0
2026-04-19,KMCI,0.0
2026-04-20,KOJC,0.0
2026-04-20,KIXD,0.0
2026-04-20,KLWC,0.0
2026-04-20,KMCI,0.0
2026-04-20,KOJC,0.0
2026-04-20,KIXD,0.0
2026-04-20,KLWC,0.0
2026-04-20,KMCI,0.0
2026-04-21,KOJC,0.0
2026-04-21,KIXD,0.0
2026-04-21,KLWC,0.0
2026-04-21,KMCI,0.0
2026-04-21,KOJC,0.0
2026-04-21,KIXD,0.0
2026-04-21,KLWC,0.0
2026-04-21,KMCI,0.0
2026-04-22,KOJC,0.0
2026-04-22,KIXD,0.0
2026-04-22,KLWC,0.0
2026-04-22,KMCI,0.0
2026-04-22,KOJC,0.0
2026-04-22,KIXD,0.0
2026-04-22,KLWC,0.0
2026-04-22,KMCI,0.0
2026-04-23,KOJC,1.25
2026-04-23,KIXD,1.07
2026-04-23,KLWC,0.72
2026-04-23,KMCI,0.55
2026-04-23,KOJC,1.25
2026-04-23,KIXD,1.07
2026-04-23,KLWC,0.72
2026-04-23,KMCI,0.55
2026-04-24,KOJC,0.0
2026-04-24,KIXD,0.0
2026-04-24,KLWC,0.0
2026-04-24,KMCI,0.0
2026-04-24,KOJC,0.0
2026-04-24,KIXD,0.0
2026-04-24,KLWC,0.0
2026-04-24,KMCI,0.0
2026-04-25,KOJC,0.0
2026-04-25,KIXD,0.0
2026-04-25,KLWC,0.0
2026-04-25,KMCI,0.0
2026-04-25,KOJC,0.0
2026-04-25,KIXD,0.0
2026-04-25,KLWC,0.0
2026-04-25,KMCI,0.0
2026-04-26,KOJC,0.69
2026-04-26,KIXD,0.87
2026-04-26,KLWC,0.57
2026-04-26,KMCI,0.35
2026-04-26,KOJC,0.69
2026-04-26,KIXD,0.87
2026-04-26,KLWC,0.57
2026-04-26,KMCI,0.35
2026-04-27,KOJC,0.95
2026-04-27,KIXD,0.92
2026-04-27,KLWC,2.97
2026-04-27,KMCI,3.21
2026-04-27,KOJC,0.95
2026-04-27,KIXD,0.92
2026-04-27,KLWC,2.97
2026-04-27,KMCI,3.21
2026-04-28,KOJC,0.0
2026-04-28,KIXD,0.0
2026-04-28,KLWC,0.0
2026-04-28,KMCI,0.0
2026-04-28,KOJC,0.0
2026-04-28,KIXD,0.0
2026-04-28,KLWC,0.0
2026-04-28,KMCI,0.0
2026-04-29,KOJC,0.0
2026-04-29,KIXD,0.0
2026-04-29,KLWC,0.0
2026-04-29,KMCI,0.0
2026-04-29,KOJC,0.0
2026-04-29,KIXD,0.0
2026-04-29,KLWC,0.0
2026-04-29,KMCI,0.0
2026-04-30,KOJC,0.0
2026-04-30,KIXD,0.0
2026-04-30,KLWC,0.0
2026-04-30,KMCI,0.0
2026-04-30,KOJC,0.0
2026-04-30,KIXD,0.0
2026-04-30,KLWC,0.0
2026-04-30,KMCI,0.0
2026-05-01,KOJC,0.0
2026-05-01,KIXD,0.0
2026-05-01,KLWC,0.0
2026-05-01,KMCI,0.0
2026-05-01,KOJC,0.0
2026-05-01,KIXD,0.0
2026-05-01,KLWC,0.0
2026-05-01,KMCI,0.0
2026-05-02,KOJC,0.0
2026-05-02,KIXD,0.0
2026-05-02,KLWC,0.0
2026-05-02,KMCI,0.0
2026-05-02,KOJC,0.0
2026-05-02,KIXD,0.0
2026-05-02,KLWC,0.0
2026-05-02,KMCI,0.0
2026-05-03,KOJC,0.0
2026-05-03,KIXD,0.0
2026-05-03,KLWC,0.0
2026-05-03,KMCI,0.001
2026-05-03,KOJC,0.0
2026-05-03,KIXD,0.0
2026-05-03,KLWC,0.0
2026-05-03,KMCI,0.001
2026-05-04,KOJC,0.12
2026-05-04,KIXD,0.21
2026-05-04,KLWC,0.01
2026-05-04,KMCI,0.0
2026-05-04,KOJC,0.12
2026-05-04,KIXD,0.21
2026-05-04,KLWC,0.01
2026-05-04,KMCI,0.0
2026-05-05,KOJC,0.74
2026-05-05,KIXD,0.0
2026-05-05,KLWC,0.34
2026-05-05,KMCI,0.31
2026-05-05,KOJC,0.74
2026-05-05,KIXD,0.0
2026-05-05,KLWC,0.34
2026-05-05,KMCI,0.31
2026-05-06,KOJC,0.01
2026-05-06,KIXD,0.02
2026-05-06,KLWC,0.001
2026-05-06,KMCI,0.001
2026-05-06,KOJC,0.01
2026-05-06,KIXD,0.02
2026-05-06,KLWC,0.001
2026-05-06,KMCI,0.001
2026-05-07,KOJC,0.0
2026-05-07,KIXD,0.0
2026-05-07,KLWC,0.0
2026-05-07,KMCI,0.0
2026-05-07,KOJC,0.0
2026-05-07,KIXD,0.0
2026-05-07,KLWC,0.0
2026-05-07,KMCI,0.0
2026-05-08,KOJC,0.001
2026-05-08,KIXD,0.001
2026-05-08,KLWC,0.02
2026-05-08,KMCI,0.08
2026-05-08,KOJC,0.001
2026-05-08,KIXD,0.001
2026-05-08,KLWC,0.02
2026-05-08,KMCI,0.08
2026-05-09,KOJC,0.001
2026-05-09,KIXD,0.001
2026-05-09,KLWC,0.0
2026-05-09,KMCI,0.001
2026-05-09,KOJC,0.001
2026-05-09,KIXD,0.001
2026-05-09,KLWC,0.0
2026-05-09,KMCI,0.001
2026-05-10,KOJC,0.0
2026-05-10,KIXD,0.0
2026-05-10,KLWC,0.0
2026-05-10,KMCI,0.001
2026-05-10,KOJC,0.0
2026-05-10,KIXD,0.0
2026-05-10,KLWC,0.0
2026-05-10,KMCI,0.001
2026-05-11,KOJC,0.0
2026-05-11,KIXD,0.0
2026-05-11,KLWC,0.0
2026-05-11,KMCI,0.0
2026-05-11,KOJC,0.0
2026-05-11,KIXD,0.0
2026-05-11,KLWC,0.0
2026-05-11,KMCI,0.0
2026-05-12,KOJC,0.0
2026-05-12,KIXD,0.0
2026-05-12,KLWC,0.0
2026-05-12,KMCI,0.0
2026-05-12,KOJC,0.0
2026-05-12,KIXD,0.0
2026-05-12,KLWC,0.0
2026-05-12,KMCI,0.0
2026-05-13,KOJC,0.0
2026-05-13,KIXD,0.0
2026-05-13,KLWC,0.0
2026-05-13,KMCI,0.0
2026-05-13,KOJC,0.0
2026-05-13,KIXD,0.0
2026-05-13,KLWC,0.0
2026-05-13,KMCI,0.0
2026-05-14,KOJC,0.0
2026-05-14,KIXD,0.0
2026-05-14,KLWC,0.0
2026-05-14,KMCI,0.001
2026-05-14,KOJC,0.0
2026-05-14,KIXD,0.0
2026-05-14,KLWC,0.0
2026-05-14,KMCI,0.001
2026-05-15,KOJC,0.0
2026-05-15,KIXD,0.0
2026-05-15,KLWC,0.0
2026-05-15,KMCI,0.001
2026-05-15,KOJC,0.0
2026-05-15,KIXD,0.0
2026-05-15,KLWC,0.0
2026-05-15,KMCI,0.001
2026-05-16,KOJC,0.0
2026-05-16,KIXD,0.0
2026-05-16,KLWC,0.0
2026-05-16,KMCI,0.0
2026-05-16,KOJC,0.0
2026-05-16,KIXD,0.0
2026-05-16,KLWC,0.0
2026-05-16,KMCI,0.0
2026-05-17,KOJC,0.001
2026-05-17,KIXD,0.01
2026-05-17,KLWC,0.03
2026-05-17,KMCI,0.02
2026-05-17,KOJC,0.001
2026-05-17,KIXD,0.01
2026-05-17,KLWC,0.03
2026-05-17,KMCI,0.02
2026-05-18,KOJC,1.54
2026-05-18,KIXD,1.92
2026-05-18,KLWC,1.02
2026-05-18,KMCI,2.65
2026-05-18,KOJC,1.54
2026-05-18,KIXD,1.92
2026-05-18,KLWC,1.02
2026-05-18,KMCI,2.65
2026-05-19,KOJC,0.42
2026-05-19,KIXD,0.33
2026-05-19,KLWC,0.0
2026-05-19,KMCI,0.22
2026-05-19,KOJC,0.42
2026-05-19,KIXD,0.33
2026-05-19,KLWC,0.0
2026-05-19,KMCI,0.22
2026-05-20,KOJC,0.0
2026-05-20,KIXD,0.0
2026-05-20,KLWC,0.0
2026-05-20,KMCI,0.0
2026-05-20,KOJC,0.0
2026-05-20,KIXD,0.0
2026-05-20,KLWC,0.0
2026-05-20,KMCI,0.0
2026-05-21,KOJC,0.01
2026-05-21,KIXD,0.001
2026-05-21,KLWC,0.001
2026-05-21,KMCI,0.0
2026-05-21,KOJC,0.01
2026-05-21,KIXD,0.001
2026-05-21,KLWC,0.001
2026-05-21,KMCI,0.0
2026-05-22,KOJC,0.01
2026-05-22,KIXD,0.01
2026-05-22,KLWC,0.01
2026-05-22,KMCI,0.001
2026-05-22,KOJC,0.01
2026-05-22,KIXD,0.01
2026-05-22,KLWC,0.01
2026-05-22,KMCI,0.001
2026-05-23,KOJC,0.0
2026-05-23,KIXD,0.001
2026-05-23,KLWC,0.04
2026-05-23,KMCI,0.001
2026-05-23,KOJC,0.0
2026-05-23,KIXD,0.001
2026-05-23,KLWC,0.04
2026-05-23,KMCI,0.001
2026-05-24,KOJC,0.0
2026-05-24,KIXD,0.0
2026-05-24,KLWC,0.0
2026-05-24,KMCI,0.0
2026-05-24,KOJC,0.0
2026-05-24,KIXD,0.0
2026-05-24,KLWC,0.0
2026-05-24,KMCI,0.0
2026-05-25,KOJC,0.0
2026-05-25,KIXD,0.0
2026-05-25,KLWC,0.0
2026-05-25,KMCI,0.0
2026-05-25,KOJC,0.0
2026-05-25,KIXD,0.0
2026-05-25,KLWC,0.0
2026-05-25,KMCI,0.0
2026-05-26,KOJC,0.0
2026-05-26,KIXD,0.0
2026-05-26,KLWC,0.0
2026-05-26,KMCI,0.0
2026-05-26,KOJC,0.0
2026-05-26,KIXD,0.0
2026-05-26,KLWC,0.0
2026-05-26,KMCI,0.0
2026-05-27,KOJC,0.0
2026-05-27,KIXD,0.0
2026-05-27,KLWC,0.0
2026-05-27,KMCI,0.0
2026-05-27,KOJC,0.0
2026-05-27,KIXD,0.0
2026-05-27,KLWC,0.0
2026-05-27,KMCI,0.0
2026-05-28,KOJC,0.25
2026-05-28,KIXD,0.99
2026-05-28,KLWC,0.54
2026-05-28,KMCI,0.001
2026-05-28,KOJC,0.25
2026-05-28,KIXD,0.99
2026-05-28,KLWC,0.54
2026-05-28,KMCI,0.001
2026-05-29,KOJC,0.62
2026-05-29,KIXD,0.62
2026-05-29,KLWC,0.06
2026-05-29,KMCI,0.77
2026-05-29,KOJC,0.62
2026-05-29,KIXD,0.62
2026-05-29,KLWC,0.06
2026-05-29,KMCI,0.77
2026-05-30,KOJC,0.27
2026-05-30,KIXD,0.38
2026-05-30,KLWC,0.58
2026-05-30,KMCI,1.43
2026-05-30,KOJC,0.27
2026-05-30,KIXD,0.38
2026-05-30,KLWC,0.58
2026-05-30,KMCI,1.43
2026-05-31,KOJC,0.51
2026-05-31,KIXD,0.89
2026-05-31,KLWC,0.95
2026-05-31,KMCI,1.56
2026-05-31,KOJC,0.51
2026-05-31,KIXD,0.89
2026-05-31,KLWC,0.95
2026-05-31,KMCI,1.56
2026-06-01,KOJC,0.0
2026-06-01,KIXD,0.0
2026-06-01,KLWC,0.0
2026-06-01,KMCI,0.86
2026-06-01,KOJC,0.0
2026-06-01,KIXD,0.0
2026-06-01,KLWC,0.0
2026-06-01,KMCI,0.86
2026-06-02,KOJC,0.0
2026-06-02,KIXD,0.0
2026-06-02,KLWC,0.0
2026-06-02,KMCI,0.0
2026-06-02,KOJC,0.0
2026-06-02,KIXD,0.0
2026-06-02,KLWC,0.0
2026-06-02,KMCI,0.0
2026-06-03,KOJC,0.0
2026-06-03,KIXD,0.0
2026-06-03,KLWC,0.0
2026-06-03,KMCI,0.0
2026-06-03,KOJC,0.0
2026-06-03,KIXD,0.0
2026-06-03,KLWC,0.0
2026-06-03,KMCI,0.0
2026-06-04,KOJC,0.11
2026-06-04,KIXD,0.05
2026-06-04,KLWC,0.02
2026-06-04,KMCI,0.3
2026-06-04,KOJC,0.11
2026-06-04,KIXD,0.05
2026-06-04,KLWC,0.02
2026-06-04,KMCI,0.3
2026-06-05,KOJC,0.01
2026-06-05,KIXD,0.02
2026-06-05,KLWC,0.03
2026-06-05,KMCI,0.12
2026-06-05,KOJC,0.01
2026-06-05,KIXD,0.02
2026-06-05,KLWC,0.03
2026-06-05,KMCI,0.12
2026-06-06,KOJC,0.02
2026-06-06,KIXD,0.01
2026-06-06,KLWC,0.22
2026-06-06,KMCI,0.6
2026-06-06,KOJC,0.02
2026-06-06,KIXD,0.01
2026-06-06,KLWC,0.22
2026-06-06,KMCI,0.6
2026-06-07,KOJC,0.35
2026-06-07,KIXD,0.56
2026-06-07,KLWC,1.1
2026-06-07,KMCI,1.29
2026-06-07,KOJC,0.35
2026-06-07,KIXD,0.56
2026-06-07,KLWC,1.1
2026-06-07,KMCI,1.29
2026-06-08,KOJC,0.03
2026-06-08,KIXD,0.38
2026-06-08,KLWC,0.67
2026-06-08,KMCI,0.01
2026-06-08,KOJC,0.03
2026-06-08,KIXD,0.38
2026-06-08,KLWC,0.67
2026-06-08,KMCI,0.01
2026-06-09,KOJC,0.6
2026-06-09,KIXD,0.46
2026-06-09,KLWC,0.71
2026-06-09,KMCI,0.23
2026-06-09,KOJC,0.6
2026-06-09,KIXD,0.46
2026-06-09,KLWC,0.71
2026-06-09,KMCI,0.23
2026-06-10,KOJC,0.001
2026-06-10,KIXD,0.02
2026-06-10,KLWC,0.001
2026-06-10,KMCI,0.23
2026-06-10,KOJC,0.001
2026-06-10,KIXD,0.02
2026-06-10,KLWC,0.001
2026-06-10,KMCI,0.23
2026-06-11,KOJC,0.0
2026-06-11,KIXD,0.0
2026-06-11,KLWC,0.0
2026-06-11,KMCI,0.0
2026-06-11,KOJC,0.0
2026-06-11,KIXD,0.0
2026-06-11,KLWC,0.0
2026-06-11,KMCI,0.0
2026-06-12,KOJC,0.0
2026-06-12,KIXD,0.0
2026-06-12,KLWC,0.0
2026-06-12,KMCI,0.0
2026-06-12,KOJC,0.0
2026-06-12,KIXD,0.0
2026-06-12,KLWC,0.0
2026-06-12,KMCI,0.0
2026-06-13,KOJC,0.43
2026-06-13,KIXD,0.41
2026-06-13,KLWC,0.23
2026-06-13,KMCI,1.36
2026-06-13,KOJC,0.43
2026-06-13,KIXD,0.41
2026-06-13,KLWC,0.23
2026-06-13,KMCI,1.36
2026-06-14,KOJC,0.0
2026-06-14,KIXD,0.0
2026-06-14,KLWC,0.0
2026-06-14,KMCI,0.0
2026-06-14,KOJC,0.0
2026-06-14,KIXD,0.0
2026-06-14,KLWC,0.0
2026-06-14,KMCI,0.0
2026-06-15,KOJC,0.0
2026-06-15,KIXD,0.0
2026-06-15,KLWC,0.0
2026-06-15,KMCI,0.0
2026-06-15,KOJC,0.0
2026-06-15,KIXD,0.0
2026-06-15,KLWC,0.0
2026-06-15,KMCI,0.0
2026-06-16,KOJC,0.08
2026-06-16,KIXD,0.05
2026-06-16,KLWC,0.04
2026-06-16,KMCI,0.001
2026-06-16,KOJC,0.08
2026-06-16,KIXD,0.05
2026-06-16,KLWC,0.04
2026-06-16,KMCI,0.001
2026-06-17,KOJC,0.0
2026-06-17,KIXD,0.16
2026-06-17,KLWC,0.0
2026-06-17,KMCI,0.0
2026-06-17,KOJC,0.0
2026-06-17,KIXD,0.16
2026-06-17,KLWC,0.0
2026-06-17,KMCI,0.0
2026-06-18,KOJC,0.001
2026-06-18,KIXD,0.0
2026-06-18,KLWC,0.02
2026-06-18,KMCI,0.03
2026-06-18,KOJC,0.001
2026-06-18,KIXD,0.0
2026-06-18,KLWC,0.02
2026-06-18,KMCI,0.03
2026-06-19,KOJC,0.001
2026-06-19,KIXD,0.04
2026-06-19,KLWC,0.05
2026-06-19,KMCI,0.15
2026-06-19,KOJC,0.001
2026-06-19,KIXD,0.04
2026-06-19,KLWC,0.05
2026-06-19,KMCI,0.15
2026-06-20,KOJC,0.05
2026-06-20,KIXD,0.06
2026-06-20,KLWC,0.16
2026-06-20,KMCI,0.0
2026-06-20,KOJC,0.05
2026-06-20,KIXD,0.06
2026-06-20,KLWC,0.16
2026-06-20,KMCI,0.0
2026-06-21,KOJC,0.36
2026-06-21,KIXD,0.35
2026-06-21,KLWC,1.84
2026-06-21,KMCI,2.84
2026-06-21,KOJC,0.36
2026-06-21,KIXD,0.35
2026-06-21,KLWC,1.84
2026-06-21,KMCI,2.84
2026-06-22,KOJC,0.0
2026-06-22,KIXD,0.0
2026-06-22,KLWC,0.0
2026-06-22,KMCI,0.0
2026-06-22,KOJC,0.0
2026-06-22,KIXD,0.0
2026-06-22,KLWC,0.0
2026-06-22,KMCI,0.0
2026-06-23,KOJC,0.0
2026-06-23,KIXD,0.001
2026-06-23,KLWC,0.0
2026-06-23,KMCI,0.0
2026-06-23,KOJC,0.0
2026-06-23,KIXD,0.001
2026-06-23,KLWC,0.0
2026-06-23,KMCI,0.0
2026-06-24,KOJC,0.0
2026-06-24,KIXD,0.0
2026-06-24,KLWC,0.0
2026-06-24,KMCI,0.0
2026-06-24,KOJC,0.0
2026-06-24,KIXD,0.0
2026-06-24,KLWC,0.0
2026-06-24,KMCI,0.0
2026-06-25,KOJC,0.1
2026-06-25,KIXD,0.29
2026-06-25,KLWC,0.21
2026-06-25,KMCI,0.31
2026-06-25,KOJC,0.1
2026-06-25,KIXD,0.29
2026-06-25,KLWC,0.21
2026-06-25,KMCI,0.31
2026-06-26,KOJC,0.0
2026-06-26,KIXD,0.26
2026-06-26,KLWC,0.04
2026-06-26,KMCI,0.3
2026-06-26,KOJC,0.0
2026-06-26,KIXD,0.26
2026-06-26,KLWC,0.04
2026-06-26,KMCI,0.3
2026-06-27,KOJC,0.0
2026-06-27,KIXD,0.0
2026-06-27,KLWC,0.001
2026-06-27,KMCI,0.0
2026-06-27,KOJC,0.0
2026-06-27,KIXD,0.0
2026-06-27,KLWC,0.001
2026-06-27,KMCI,0.0
2026-06-28,KOJC,0.0
2026-06-28,KIXD,0.0
2026-06-28,KLWC,0.0
2026-06-28,KMCI,0.0
2026-06-28,KOJC,0.0
2026-06-28,KIXD,0.0
2026-06-28,KLWC,0.0
2026-06-28,KMCI,0.0
2026-06-29,KOJC,0.0
2026-06-29,KIXD,0.0
2026-06-29,KLWC,0.0
2026-06-29,KMCI,0.0
2026-06-29,KOJC,0.0
2026-06-29,KIXD,0.0
2026-06-29,KLWC,0.0
2026-06-29,KMCI,0.0
2026-06-30,KOJC,0.0
2026-06-30,KIXD,0.0
2026-06-30,KLWC,0.0
2026-06-30,KMCI,0.0
2026-06-30,KOJC,0.0
2026-06-30,KIXD,0.0
2026-06-30,KLWC,0.0
2026-06-30,KMCI,0.0
2026-07-01,KOJC,0.0
2026-07-01,KIXD,0.0
2026-07-01,KLWC,0.0
2026-07-01,KMCI,0.0
2026-07-01,KOJC,0.0
2026-07-01,KIXD,0.0
2026-07-01,KLWC,0.0
2026-07-01,KMCI,0.0
2026-07-02,KOJC,0.0
2026-07-02,KIXD,0.0
2026-07-02,KLWC,0.0
2026-07-02,KMCI,0.0
2026-07-02,KOJC,0.0
2026-07-02,KIXD,0.0
2026-07-02,KLWC,0.0
2026-07-02,KMCI,0.0
2026-07-03,KOJC,0.0
2026-07-03,KIXD,0.0
2026-07-03,KLWC,0.001
2026-07-03,KMCI,0.0
2026-07-03,KOJC,0.0
2026-07-03,KIXD,0.0
2026-07-03,KLWC,0.001
2026-07-03,KMCI,0.0
2026-07-04,KOJC,0.12
2026-07-04,KIXD,0.47
2026-07-04,KLWC,0.44
2026-07-04,KMCI,0.3
2026-07-04,KOJC,0.12
2026-07-04,KIXD,0.47
2026-07-04,KLWC,0.44
2026-07-04,KMCI,0.3
2026-07-05,KOJC,0.0
2026-07-05,KIXD,0.0
2026-07-05,KLWC,0.0
2026-07-05,KMCI,0.0
2026-07-05,KOJC,0.0
2026-07-05,KIXD,0.0
2026-07-05,KLWC,0.0
2026-07-05,KMCI,0.0
2026-07-06,KOJC,0.0
2026-07-06,KIXD,0.0
2026-07-06,KLWC,0.0
2026-07-06,KMCI,0.0
2026-07-06,KOJC,0.0
2026-07-06,KIXD,0.0
2026-07-06,KLWC,0.0
2026-07-06,KMCI,0.0
2026-07-07,KOJC,0.0
2026-07-07,KIXD,0.0
2026-07-07,KLWC,0.0
2026-07-07,KMCI,0.0
2026-07-07,KOJC,0.0
2026-07-07,KIXD,0.0
2026-07-07,KLWC,0.0
2026-07-07,KMCI,0.0
2026-07-08,KOJC,0.0
2026-07-08,KIXD,0.0
2026-07-08,KLWC,0.0
2026-07-08,KMCI,0.0
2026-07-08,KOJC,0.0
2026-07-08,KIXD,0.0
2026-07-08,KLWC,0.0
2026-07-08,KMCI,0.0
2026-07-09,KOJC,1.3
2026-07-09,KIXD,1.87
2026-07-09,KLWC,1.08
2026-07-09,KMCI,1.24
2026-07-09,KOJC,1.3
2026-07-09,KIXD,1.87
2026-07-09,KLWC,1.08
2026-07-09,KMCI,1.24
2026-07-10,KOJC,0.15
2026-07-10,KIXD,0.25
2026-07-10,KLWC,0.0
2026-07-10,KMCI,0.06
2026-07-10,KOJC,0.15
2026-07-10,KIXD,0.25
2026-07-10,KLWC,0.0
2026-07-10,KMCI,0.06
2026-07-11,KOJC,0.0
2026-07-11,KIXD,0.0
2026-07-11,KLWC,0.0
2026-07-11,KMCI,0.0
2026-07-11,KOJC,0.0
2026-07-11,KIXD,0.0
2026-07-11,KLWC,0.0
2026-07-11,KMCI,0.0
2026-07-12,KOJC,0.0
2026-07-12,KIXD,0.0
2026-07-12,KLWC,0.0
2026-07-12,KMCI,0.0
2026-07-12,KOJC,0.0
2026-07-12,KIXD,0.0
2026-07-12,KLWC,0.0
2026-07-12,KMCI,0.0
2026-07-13,KOJC,0.0
2026-07-13,KIXD,0.0
2026-07-13,KLWC,0.0
2026-07-13,KMCI,0.0
2026-07-13,KOJC,0.0
2026-07-13,KIXD,0.0
2026-07-13,KLWC,0.0
2026-07-13,KMCI,0.0
2026-07-14,KOJC,0.0
2026-07-14,KIXD,0.0
2026-07-14,KLWC,0.0
2026-07-14,KMCI,0.0
2026-07-14,KOJC,0.0
2026-07-14,KIXD,0.0
2026-07-14,KLWC,0.0
2026-07-14,KMCI,0.0
2026-07-15,KOJC,0.0
2026-07-15,KIXD,0.0
2026-07-15,KLWC,0.0
2026-07-15,KMCI,0.0
2026-07-15,KOJC,0.0
2026-07-15,KIXD,0.0
2026-07-15,KLWC,0.0
2026-07-15,KMCI,0.0
2026-07-16,KOJC,0.04
2026-07-16,KIXD,0.01
2026-07-16,KLWC,0.09
2026-07-16,KMCI,0.02
2026-07-16,KOJC,0.04
2026-07-16,KIXD,0.01
2026-07-16,KLWC,0.09
2026-07-16,KMCI,0.02
2026-07-17,KOJC,0.07
2026-07-17,KIXD,0.3
2026-07-17,KLWC,0.01
2026-07-17,KMCI,0.0
2026-07-17,KOJC,0.07
2026-07-17,KIXD,0.3
2026-07-17,KLWC,0.01
2026-07-17,KMCI,0.0
2026-07-18,KOJC,0.0
2026-07-18,KIXD,0.0
2026-07-18,KLWC,0.0
2026-07-18,KMCI,0.0
2026-07-18,KOJC,0.0
2026-07-18,KIXD,0.0
2026-07-18,KLWC,0.0
2026-07-18,KMCI,0.0
2026-07-19,KOJC,0.001
2026-07-19,KIXD,0.95
2026-07-19,KLWC,0.0
2026-07-19,KMCI,0.0
2026-07-19,KOJC,0.001
2026-07-19,KIXD,0.95
2026-07-19,KLWC,0.0
2026-07-19,KMCI,0.0
2026-07-20,KOJC,0.0
2026-07-20,KIXD,0.0
2026-07-20,KLWC,0.0
2026-07-20,KMCI,0.0
2026-07-20,KOJC,0.0
2026-07-20,KIXD,0.0
2026-07-20,KLWC,0.0
2026-07-20,KMCI,0.0
2026-07-21,KOJC,0.0
2026-07-21,KIXD,0.0
2026-07-21,KLWC,0.0
2026-07-21,KMCI,0.0
2026-07-21,KOJC,0.0
2026-07-21,KIXD,0.0
2026-07-21,KLWC,0.0
2026-07-21,KMCI,0.0
2026-07-22,KOJC,0.0
2026-07-22,KIXD,0.0
2026-07-22,KLWC,0.0
2026-07-22,KMCI,0.001
2026-07-22,KOJC,0.0
2026-07-22,KIXD,0.0
2026-07-22,KLWC,0.0
2026-07-22,KMCI,0.001
2026-07-23,KOJC,0.001
2026-07-23,KIXD,0.01
2026-07-23,KLWC,0.03
2026-07-23,KMCI,0.001
2026-07-23,KOJC,0.001
2026-07-23,KIXD,0.01
2026-07-23,KLWC,0.03
2026-07-23,KMCI,0.001
2026-07-24,KOJC,0.37
2026-07-24,KIXD,1.21
2026-07-24,KLWC,1.36
2026-07-24,KMCI,0.28
2026-07-24,KOJC,0.37
2026-07-24,KIXD,1.21
2026-07-24,KLWC,1.36
2026-07-24,KMCI,0.28
2026-07-25,KOJC,0.0
2026-07-25,KIXD,0.0
2026-07-25,KLWC,0.0
2026-07-25,KMCI,0.0
2026-07-25,KOJC,0.0
2026-07-25,KIXD,0.0
2026-07-25,KLWC,0.0
2026-07-25,KMCI,0.0
2026-07-26,KOJC,0.0
2026-07-26,KIXD,0.0
2026-07-26,KLWC,0.0
2026-07-26,KMCI,0.0
2026-07-26,KOJC,0.0
2026-07-26,KIXD,0.0
2026-07-26,KLWC,0.0
2026-07-26,KMCI,0.0
2026-07-27,KOJC,0.0
2026-07-27,KIXD,0.0
2026-07-27,KLWC,0.0
2026-07-27,KMCI,0.0
2026-07-27,KOJC,0.0
2026-07-27,KIXD,0.0
2026-07-27,KLWC,0.0
2026-07-27,KMCI,0.0
2026-07-28,KOJC,0.07
2026-07-28,KIXD,0.21
2026-07-28,KLWC,0.06
2026-07-28,KMCI,0.001
2026-07-28,KOJC,0.07
2026-07-28,KIXD,0.21
2026-07-28,KLWC,0.06
2026-07-28,KMCI,0.001
2026-07-29,KOJC,0.001
2026-07-29,KIXD,0.03
2026-07-29,KLWC,0.05
2026-07-29,KMCI,0.02
2026-07-29,KOJC,0.001
2026-07-29,KIXD,0.03
2026-07-29,KLWC,0.05
2026-07-29,KMCI,0.02
2026-07-30,KOJC,0.02
2026-07-30,KIXD,0.03
2026-07-30,KLWC,0.001
2026-07-30,KMCI,0.12
2026-07-30,KOJC,0.02
2026-07-30,KIXD,0.03
2026-07-30,KLWC,0.001
2026-07-30,KMCI,0.12
2026-07-31,KOJC,0.5
2026-07-31,KIXD,1.83
2026-07-31,KLWC,2.24
2026-07-31,KMCI,2.25
2026-07-31,KOJC,0.5
2026-07-31,KIXD,1.83
2026-07-31,KLWC,2.24
2026-07-31,KMCI,2.25
2026-08-01,KOJC,0.0
2026-08-01,KIXD,0.0
2026-08-01,KLWC,0.0
2026-08-01,KMCI,0.001
2026-08-01,KOJC,0.0
2026-08-01,KIXD,0.0
2026-08-01,KLWC,0.0
2026-08-01,KMCI,0.001
2026-08-02,KOJC,0.0
2026-08-02,KIXD,0.0
2026-08-02,KLWC,0.0
2026-08-02,KMCI,0.0
2026-08-02,KOJC,0.0
2026-08-02,KIXD,0.0
2026-08-02,KLWC,0.0
2026-08-02,KMCI,0.0
2026-08-03,KOJC,0.0
2026-08-03,KIXD,0.0
2026-08-03,KLWC,0.0
2026-08-03,KMCI,0.0
2026-08-03,KOJC,0.0
2026-08-03,KIXD,0.0
2026-08-03,KLWC,0.0
2026-08-03,KMCI,0.0
2026-08-04,KOJC,0.0
2026-08-04,KIXD,0.0
2026-08-04,KLWC,0.0
2026-08-04,KMCI,0.0
2026-08-04,KOJC,0.0
2026-08-04,KIXD,0.0
2026-08-04,KLWC,0.0
2026-08-04,KMCI,0.0
2026-08-05,KOJC,1.54
2026-08-05,KIXD,1.5
2026-08-05,KLWC,0.12
2026-08-05,KMCI,0.47
2026-08-05,KOJC,1.54
2026-08-05,KIXD,1.5
2026-08-05,KLWC,0.12
2026-08-05,KMCI,0.47
2026-08-06,KOJC,0.25
2026-08-06,KIXD,0.57
2026-08-06,KLWC,0.0
2026-08-06,KMCI,2.08
2026-08-06,KOJC,0.25
2026-08-06,KIXD,0.57
2026-08-06,KLWC,0.0
2026-08-06,KMCI,2.08
2026-08-07,KOJC,0.0
2026-08-07,KIXD,0.0
2026-08-07,KLWC,0.001
2026-08-07,KMCI,0.0
2026-08-07,KOJC,0.0
2026-08-07,KIXD,0.0
2026-08-07,KLWC,0.001
2026-08-07,KMCI,0.0
2026-08-08,KOJC,0.0
2026-08-08,KIXD,0.0
2026-08-08,KLWC,0.0
2026-08-08,KMCI,0.0
2026-08-08,KOJC,0.0
2026-08-08,KIXD,0.0
2026-08-08,KLWC,0.0
2026-08-08,KMCI,0.0
2026-08-09,KOJC,0.001
2026-08-09,KIXD,0.02
2026-08-09,KLWC,0.001
2026-08-09,KMCI,0.13
2026-08-09,KOJC,0.001
2026-08-09,KIXD,0.02
2026-08-09,KLWC,0.001
2026-08-09,KMCI,0.13
2026-08-10,KOJC,0.94
2026-08-10,KIXD,0.11
2026-08-10,KLWC,0.0
2026-08-10,KMCI,0.001
2026-08-10,KOJC,0.94
2026-08-10,KIXD,0.11
2026-08-10,KLWC,0.0
2026-08-10,KMCI,0.001
2026-08-11,KOJC,0.0
2026-08-11,KIXD,0.0
2026-08-11,KLWC,0.0
2026-08-11,KMCI,0.0
2026-08-11,KOJC,0.0
2026-08-11,KIXD,0.0
2026-08-11,KLWC,0.0
2026-08-11,KMCI,0.0
2026-08-12,KOJC,0.0
2026-08-12,KIXD,0.0
2026-08-12,KLWC,0.0
2026-08-12,KMCI,0.001
2026-08-12,KOJC,0.0
2026-08-12,KIXD,0.0
2026-08-12,KLWC,0.0
2026-08-12,KMCI,0.001
2026-08-13,KOJC,0.0
2026-08-13,KIXD,0.0
2026-08-13,KLWC,0.0
2026-08-13,KMCI,0.0
2026-08-13,KOJC,0.0
2026-08-13,KIXD,0.0
2026-08-13,KLWC,0.0
2026-08-13,KMCI,0.0
2026-08-14,KOJC,0.0
2026-08-14,KIXD,0.0
2026-08-14,KLWC,0.0
2026-08-14,KMCI,0.001
2026-08-14,KOJC,0.0
2026-08-14,KIXD,0.0
2026-08-14,KLWC,0.0
2026-08-14,KMCI,0.001
2026-08-15,KOJC,0.0
2026-08-15,KIXD,0.0
2026-08-15,KLWC,0.0
2026-08-15,KMCI,0.04
2026-08-15,KOJC,0.0
2026-08-15,KIXD,0.0
2026-08-15,KLWC,0.0
2026-08-15,KMCI,0.04
2026-08-16,KOJC,0.001
2026-08-16,KIXD,0.001
2026-08-16,KLWC,0.001
2026-08-16,KMCI,0.08
2026-08-16,KOJC,0.001
2026-08-16,KIXD,0.001
2026-08-16,KLWC,0.001
2026-08-16,KMCI,0.08
2026-08-17,KOJC,0.0
2026-08-17,KIXD,0.0
2026-08-17,KLWC,0.0
2026-08-17,KMCI,0.0
2026-08-17,KOJC,0.0
2026-08-17,KIXD,0.0
2026-08-17,KLWC,0.0
2026-08-17,KMCI,0.0
2026-08-18,KOJC,0.001
2026-08-18,KIXD,0.001
2026-08-18,KLWC,0.001
2026-08-18,KMCI,1.36
2026-08-18,KOJC,0.001
2026-08-18,KIXD,0.001
2026-08-18,KLWC,0.001
2026-08-18,KMCI,1.36
2026-08-19,KOJC,0.0
2026-08-19,KIXD,0.41
2026-08-19,KLWC,0.05
2026-08-19,KMCI,2.11
2026-08-19,KOJC,0.0
2026-08-19,KIXD,0.41
2026-08-19,KLWC,0.05
2026-08-19,KMCI,2.11
2026-08-20,KOJC,0.0
2026-08-20,KIXD,0.0
2026-08-20,KLWC,0.0
2026-08-20,KMCI,0.0
2026-08-20,KOJC,0.0
2026-08-20,KIXD,0.0
2026-08-20,KLWC,0.0
2026-08-20,KMCI,0.0
2026-08-21,KOJC,0.03
2026-08-21,KIXD,0.0
2026-08-21,KLWC,0.0
2026-08-21,KMCI,0.0
2026-08-21,KOJC,0.03
2026-08-21,KIXD,0.0
2026-08-21,KLWC,0.0
2026-08-21,KMCI,0.0
2026-08-22,KOJC,0.01
2026-08-22,KIXD,0.001
2026-08-22,KLWC,0.12
2026-08-22,KMCI,0.01
2026-08-22,KOJC,0.01
2026-08-22,KIXD,0.001
2026-08-22,KLWC,0.12
2026-08-22,KMCI,0.01
2026-08-23,KOJC,0.001
2026-08-23,KIXD,0.0
2026-08-23,KLWC,0.001
2026-08-23,KMCI,0.001
2026-08-23,KOJC,0.001
2026-08-23,KIXD,0.0
2026-08-23,KLWC,0.001
2026-08-23,KMCI,0.001
2026-08-24,KOJC,0.0
2026-08-24,KIXD,0.0
2026-08-24,KLWC,0.001
2026-08-24,KMCI,0.0
2026-08-24,KOJC,0.0
2026-08-24,KIXD,0.0
2026-08-24,KLWC,0.001
2026-08-24,KMCI,0.0
